Method,Job,AnalyzeLaunchVariance,EvaluateOverhead,MaxAbsoluteError,MaxRelativeError,MinInvokeCount,MinIterationTime,OutlierMode,Affinity,EnvironmentVariables,Jit,LargeAddressAware,Platform,PowerPlanMode,Runtime,AllowVeryLargeObjects,Concurrent,CpuGroups,Force,HeapAffinitizeMask,HeapCount,NoAffinitize,RetainVm,Server,Arguments,BuildConfiguration,Clock,EngineFactory,NuGetReferences,Toolchain,IsMutator,InvocationCount,IterationCount,IterationTime,LaunchCount,MaxIterationCount,MaxWarmupIterationCount,MemoryRandomization,MinIterationCount,MinWarmupIterationCount,RunStrategy,UnrollFactor,WarmupCount,Size,Quality,Fixture,Mean,Error,StdDev,Ratio,RatioSD,Gen0,Gen1,Gen2,Allocated,Alloc Ratio
NativeEncode,ShortRun,False,Default,Default,Default,Default,Default,Default,1111111111111111,Empty,RyuJit,Default,X64,8c5e7fda-e8bf-4a96-9a85-a6e23a8c635c,.NET 10.0,False,True,False,True,Default,Default,False,False,False,Default,Default,Default,Default,Default,Default,Default,Default,3,Default,1,Default,Default,Default,Default,Default,Default,16,3,128,0,Gradient,544.2 μs,34.25 μs,1.88 μs,1.00,0.00,0.0000,0.0000,0.0000,7152 B,1.00
ManagedEncode,ShortRun,False,Default,Default,Default,Default,Default,Default,1111111111111111,Empty,RyuJit,Default,X64,8c5e7fda-e8bf-4a96-9a85-a6e23a8c635c,.NET 10.0,False,True,False,True,Default,Default,False,False,False,Default,Default,Default,Default,Default,Default,Default,Default,3,Default,1,Default,Default,Default,Default,Default,Default,16,3,128,0,Gradient,778.8 μs,164.12 μs,9.00 μs,1.43,0.01,45.8984,32.2266,0.0000,771744 B,107.91
ManagedWorkspaceEncode,ShortRun,False,Default,Default,Default,Default,Default,Default,1111111111111111,Empty,RyuJit,Default,X64,8c5e7fda-e8bf-4a96-9a85-a6e23a8c635c,.NET 10.0,False,True,False,True,Default,Default,False,False,False,Default,Default,Default,Default,Default,Default,Default,Default,3,Default,1,Default,Default,Default,Default,Default,Default,16,3,128,0,Gradient,773.9 μs,720.04 μs,39.47 μs,1.42,0.06,20.5078,8.7891,0.0000,348600 B,48.74
NativeEncode,ShortRun,False,Default,Default,Default,Default,Default,Default,1111111111111111,Empty,RyuJit,Default,X64,8c5e7fda-e8bf-4a96-9a85-a6e23a8c635c,.NET 10.0,False,True,False,True,Default,Default,False,False,False,Default,Default,Default,Default,Default,Default,Default,Default,3,Default,1,Default,Default,Default,Default,Default,Default,16,3,128,0,Checkerboard,715.5 μs,761.95 μs,41.76 μs,1.00,0.07,0.0000,0.0000,0.0000,12520 B,1.00
ManagedEncode,ShortRun,False,Default,Default,Default,Default,Default,Default,1111111111111111,Empty,RyuJit,Default,X64,8c5e7fda-e8bf-4a96-9a85-a6e23a8c635c,.NET 10.0,False,True,False,True,Default,Default,False,False,False,Default,Default,Default,Default,Default,Default,Default,Default,3,Default,1,Default,Default,Default,Default,Default,Default,16,3,128,0,Checkerboard,880.2 μs,157.64 μs,8.64 μs,1.23,0.06,46.8750,40.0391,0.0000,800712 B,63.95
ManagedWorkspaceEncode,ShortRun,False,Default,Default,Default,Default,Default,Default,1111111111111111,Empty,RyuJit,Default,X64,8c5e7fda-e8bf-4a96-9a85-a6e23a8c635c,.NET 10.0,False,True,False,True,Default,Default,False,False,False,Default,Default,Default,Default,Default,Default,Default,Default,3,Default,1,Default,Default,Default,Default,Default,Default,16,3,128,0,Checkerboard,868.9 μs,107.22 μs,5.88 μs,1.22,0.06,21.4844,0.0000,0.0000,372200 B,29.73
NativeEncode,ShortRun,False,Default,Default,Default,Default,Default,Default,1111111111111111,Empty,RyuJit,Default,X64,8c5e7fda-e8bf-4a96-9a85-a6e23a8c635c,.NET 10.0,False,True,False,True,Default,Default,False,False,False,Default,Default,Default,Default,Default,Default,Default,Default,3,Default,1,Default,Default,Default,Default,Default,Default,16,3,128,8,Gradient,261.9 μs,193.80 μs,10.62 μs,1.00,0.05,0.0000,0.0000,0.0000,1016 B,1.00
ManagedEncode,ShortRun,False,Default,Default,Default,Default,Default,Default,1111111111111111,Empty,RyuJit,Default,X64,8c5e7fda-e8bf-4a96-9a85-a6e23a8c635c,.NET 10.0,False,True,False,True,Default,Default,False,False,False,Default,Default,Default,Default,Default,Default,Default,Default,3,Default,1,Default,Default,Default,Default,Default,Default,16,3,128,8,Gradient,369.9 μs,44.75 μs,2.45 μs,1.41,0.05,33.6914,17.0898,0.0000,569656 B,560.69
ManagedWorkspaceEncode,ShortRun,False,Default,Default,Default,Default,Default,Default,1111111111111111,Empty,RyuJit,Default,X64,8c5e7fda-e8bf-4a96-9a85-a6e23a8c635c,.NET 10.0,False,True,False,True,Default,Default,False,False,False,Default,Default,Default,Default,Default,Default,Default,Default,3,Default,1,Default,Default,Default,Default,Default,Default,16,3,128,8,Gradient,390.7 μs,14.48 μs,0.79 μs,1.49,0.05,8.7891,2.4414,0.0000,152648 B,150.24
NativeEncode,ShortRun,False,Default,Default,Default,Default,Default,Default,1111111111111111,Empty,RyuJit,Default,X64,8c5e7fda-e8bf-4a96-9a85-a6e23a8c635c,.NET 10.0,False,True,False,True,Default,Default,False,False,False,Default,Default,Default,Default,Default,Default,Default,Default,3,Default,1,Default,Default,Default,Default,Default,Default,16,3,128,8,Checkerboard,313.9 μs,146.65 μs,8.04 μs,1.00,0.03,0.0000,0.0000,0.0000,4840 B,1.00
ManagedEncode,ShortRun,False,Default,Default,Default,Default,Default,Default,1111111111111111,Empty,RyuJit,Default,X64,8c5e7fda-e8bf-4a96-9a85-a6e23a8c635c,.NET 10.0,False,True,False,True,Default,Default,False,False,False,Default,Default,Default,Default,Default,Default,Default,Default,3,Default,1,Default,Default,Default,Default,Default,Default,16,3,128,8,Checkerboard,444.9 μs,42.83 μs,2.35 μs,1.42,0.03,34.6680,22.9492,0.0000,584952 B,120.86
ManagedWorkspaceEncode,ShortRun,False,Default,Default,Default,Default,Default,Default,1111111111111111,Empty,RyuJit,Default,X64,8c5e7fda-e8bf-4a96-9a85-a6e23a8c635c,.NET 10.0,False,True,False,True,Default,Default,False,False,False,Default,Default,Default,Default,Default,Default,Default,Default,3,Default,1,Default,Default,Default,Default,Default,Default,16,3,128,8,Checkerboard,481.2 μs,132.84 μs,7.28 μs,1.53,0.04,9.7656,2.9297,0.0000,164120 B,33.91
NativeEncode,ShortRun,False,Default,Default,Default,Default,Default,Default,1111111111111111,Empty,RyuJit,Default,X64,8c5e7fda-e8bf-4a96-9a85-a6e23a8c635c,.NET 10.0,False,True,False,True,Default,Default,False,False,False,Default,Default,Default,Default,Default,Default,Default,Default,3,Default,1,Default,Default,Default,Default,Default,Default,16,3,128,15,Gradient,199.4 μs,89.32 μs,4.90 μs,1.00,0.03,0.0000,0.0000,0.0000,80 B,1.00
ManagedEncode,ShortRun,False,Default,Default,Default,Default,Default,Default,1111111111111111,Empty,RyuJit,Default,X64,8c5e7fda-e8bf-4a96-9a85-a6e23a8c635c,.NET 10.0,False,True,False,True,Default,Default,False,False,False,Default,Default,Default,Default,Default,Default,Default,Default,3,Default,1,Default,Default,Default,Default,Default,Default,16,3,128,15,Gradient,270.8 μs,238.92 μs,13.10 μs,1.36,0.06,33.6914,21.9727,0.0000,565720 B,"7,071.50"
ManagedWorkspaceEncode,ShortRun,False,Default,Default,Default,Default,Default,Default,1111111111111111,Empty,RyuJit,Default,X64,8c5e7fda-e8bf-4a96-9a85-a6e23a8c635c,.NET 10.0,False,True,False,True,Default,Default,False,False,False,Default,Default,Default,Default,Default,Default,Default,Default,3,Default,1,Default,Default,Default,Default,Default,Default,16,3,128,15,Gradient,245.9 μs,69.70 μs,3.82 μs,1.23,0.03,8.7891,2.4414,0.0000,149648 B,"1,870.60"
NativeEncode,ShortRun,False,Default,Default,Default,Default,Default,Default,1111111111111111,Empty,RyuJit,Default,X64,8c5e7fda-e8bf-4a96-9a85-a6e23a8c635c,.NET 10.0,False,True,False,True,Default,Default,False,False,False,Default,Default,Default,Default,Default,Default,Default,Default,3,Default,1,Default,Default,Default,Default,Default,Default,16,3,128,15,Checkerboard,199.8 μs,118.61 μs,6.50 μs,1.00,0.04,0.0000,0.0000,0.0000,80 B,1.00
ManagedEncode,ShortRun,False,Default,Default,Default,Default,Default,Default,1111111111111111,Empty,RyuJit,Default,X64,8c5e7fda-e8bf-4a96-9a85-a6e23a8c635c,.NET 10.0,False,True,False,True,Default,Default,False,False,False,Default,Default,Default,Default,Default,Default,Default,Default,3,Default,1,Default,Default,Default,Default,Default,Default,16,3,128,15,Checkerboard,267.1 μs,60.62 μs,3.32 μs,1.34,0.04,33.6914,21.9727,0.0000,565720 B,"7,071.50"
ManagedWorkspaceEncode,ShortRun,False,Default,Default,Default,Default,Default,Default,1111111111111111,Empty,RyuJit,Default,X64,8c5e7fda-e8bf-4a96-9a85-a6e23a8c635c,.NET 10.0,False,True,False,True,Default,Default,False,False,False,Default,Default,Default,Default,Default,Default,Default,Default,3,Default,1,Default,Default,Default,Default,Default,Default,16,3,128,15,Checkerboard,259.9 μs,51.66 μs,2.83 μs,1.30,0.04,8.7891,2.4414,0.0000,149648 B,"1,870.60"
NativeEncode,ShortRun,False,Default,Default,Default,Default,Default,Default,1111111111111111,Empty,RyuJit,Default,X64,8c5e7fda-e8bf-4a96-9a85-a6e23a8c635c,.NET 10.0,False,True,False,True,Default,Default,False,False,False,Default,Default,Default,Default,Default,Default,Default,Default,3,Default,1,Default,Default,Default,Default,Default,Default,16,3,256,0,Gradient,"1,592.2 μs",748.50 μs,41.03 μs,1.00,0.03,0.0000,0.0000,0.0000,15681 B,1.00
ManagedEncode,ShortRun,False,Default,Default,Default,Default,Default,Default,1111111111111111,Empty,RyuJit,Default,X64,8c5e7fda-e8bf-4a96-9a85-a6e23a8c635c,.NET 10.0,False,True,False,True,Default,Default,False,False,False,Default,Default,Default,Default,Default,Default,Default,Default,3,Default,1,Default,Default,Default,Default,Default,Default,16,3,256,0,Gradient,"2,783.9 μs","3,669.74 μs",201.15 μs,1.75,0.12,332.0313,332.0313,332.0313,2635209 B,168.05
ManagedWorkspaceEncode,ShortRun,False,Default,Default,Default,Default,Default,Default,1111111111111111,Empty,RyuJit,Default,X64,8c5e7fda-e8bf-4a96-9a85-a6e23a8c635c,.NET 10.0,False,True,False,True,Default,Default,False,False,False,Default,Default,Default,Default,Default,Default,Default,Default,3,Default,1,Default,Default,Default,Default,Default,Default,16,3,256,0,Gradient,"2,420.0 μs",665.09 μs,36.46 μs,1.52,0.04,82.0313,66.4063,0.0000,1416994 B,90.36
NativeEncode,ShortRun,False,Default,Default,Default,Default,Default,Default,1111111111111111,Empty,RyuJit,Default,X64,8c5e7fda-e8bf-4a96-9a85-a6e23a8c635c,.NET 10.0,False,True,False,True,Default,Default,False,False,False,Default,Default,Default,Default,Default,Default,Default,Default,3,Default,1,Default,Default,Default,Default,Default,Default,16,3,256,0,Checkerboard,"2,286.2 μs",876.95 μs,48.07 μs,1.00,0.03,0.0000,0.0000,0.0000,44010 B,1.00
ManagedEncode,ShortRun,False,Default,Default,Default,Default,Default,Default,1111111111111111,Empty,RyuJit,Default,X64,8c5e7fda-e8bf-4a96-9a85-a6e23a8c635c,.NET 10.0,False,True,False,True,Default,Default,False,False,False,Default,Default,Default,Default,Default,Default,Default,Default,3,Default,1,Default,Default,Default,Default,Default,Default,16,3,256,0,Checkerboard,"2,978.4 μs",267.97 μs,14.69 μs,1.30,0.02,332.0313,332.0313,332.0313,2749176 B,62.47
ManagedWorkspaceEncode,ShortRun,False,Default,Default,Default,Default,Default,Default,1111111111111111,Empty,RyuJit,Default,X64,8c5e7fda-e8bf-4a96-9a85-a6e23a8c635c,.NET 10.0,False,True,False,True,Default,Default,False,False,False,Default,Default,Default,Default,Default,Default,Default,Default,3,Default,1,Default,Default,Default,Default,Default,Default,16,3,256,0,Checkerboard,"2,619.1 μs",305.28 μs,16.73 μs,1.15,0.02,85.9375,70.3125,0.0000,1502634 B,34.14
NativeEncode,ShortRun,False,Default,Default,Default,Default,Default,Default,1111111111111111,Empty,RyuJit,Default,X64,8c5e7fda-e8bf-4a96-9a85-a6e23a8c635c,.NET 10.0,False,True,False,True,Default,Default,False,False,False,Default,Default,Default,Default,Default,Default,Default,Default,3,Default,1,Default,Default,Default,Default,Default,Default,16,3,256,8,Gradient,857.5 μs,620.04 μs,33.99 μs,1.00,0.05,0.0000,0.0000,0.0000,1304 B,1.00
ManagedEncode,ShortRun,False,Default,Default,Default,Default,Default,Default,1111111111111111,Empty,RyuJit,Default,X64,8c5e7fda-e8bf-4a96-9a85-a6e23a8c635c,.NET 10.0,False,True,False,True,Default,Default,False,False,False,Default,Default,Default,Default,Default,Default,Default,Default,3,Default,1,Default,Default,Default,Default,Default,Default,16,3,256,8,Gradient,"1,421.7 μs",277.33 μs,15.20 μs,1.66,0.06,332.0313,332.0313,332.0313,1817880 B,"1,394.08"
ManagedWorkspaceEncode,ShortRun,False,Default,Default,Default,Default,Default,Default,1111111111111111,Empty,RyuJit,Default,X64,8c5e7fda-e8bf-4a96-9a85-a6e23a8c635c,.NET 10.0,False,True,False,True,Default,Default,False,False,False,Default,Default,Default,Default,Default,Default,Default,Default,3,Default,1,Default,Default,Default,Default,Default,Default,16,3,256,8,Gradient,"1,195.4 μs",247.41 μs,13.56 μs,1.40,0.05,35.1563,23.4375,0.0000,614041 B,470.89
NativeEncode,ShortRun,False,Default,Default,Default,Default,Default,Default,1111111111111111,Empty,RyuJit,Default,X64,8c5e7fda-e8bf-4a96-9a85-a6e23a8c635c,.NET 10.0,False,True,False,True,Default,Default,False,False,False,Default,Default,Default,Default,Default,Default,Default,Default,3,Default,1,Default,Default,Default,Default,Default,Default,16,3,256,8,Checkerboard,"1,016.1 μs",618.80 μs,33.92 μs,1.00,0.04,0.0000,0.0000,0.0000,16857 B,1.00
ManagedEncode,ShortRun,False,Default,Default,Default,Default,Default,Default,1111111111111111,Empty,RyuJit,Default,X64,8c5e7fda-e8bf-4a96-9a85-a6e23a8c635c,.NET 10.0,False,True,False,True,Default,Default,False,False,False,Default,Default,Default,Default,Default,Default,Default,Default,3,Default,1,Default,Default,Default,Default,Default,Default,16,3,256,8,Checkerboard,"1,597.1 μs",249.66 μs,13.68 μs,1.57,0.05,332.0313,332.0313,332.0313,1868960 B,110.87
ManagedWorkspaceEncode,ShortRun,False,Default,Default,Default,Default,Default,Default,1111111111111111,Empty,RyuJit,Default,X64,8c5e7fda-e8bf-4a96-9a85-a6e23a8c635c,.NET 10.0,False,True,False,True,Default,Default,False,False,False,Default,Default,Default,Default,Default,Default,Default,Default,3,Default,1,Default,Default,Default,Default,Default,Default,16,3,256,8,Checkerboard,"1,379.9 μs",214.02 μs,11.73 μs,1.36,0.04,37.1094,29.2969,0.0000,649569 B,38.53
NativeEncode,ShortRun,False,Default,Default,Default,Default,Default,Default,1111111111111111,Empty,RyuJit,Default,X64,8c5e7fda-e8bf-4a96-9a85-a6e23a8c635c,.NET 10.0,False,True,False,True,Default,Default,False,False,False,Default,Default,Default,Default,Default,Default,Default,Default,3,Default,1,Default,Default,Default,Default,Default,Default,16,3,256,15,Gradient,766.0 μs,227.78 μs,12.49 μs,1.00,0.02,0.0000,0.0000,0.0000,136 B,1.00
ManagedEncode,ShortRun,False,Default,Default,Default,Default,Default,Default,1111111111111111,Empty,RyuJit,Default,X64,8c5e7fda-e8bf-4a96-9a85-a6e23a8c635c,.NET 10.0,False,True,False,True,Default,Default,False,False,False,Default,Default,Default,Default,Default,Default,Default,Default,3,Default,1,Default,Default,Default,Default,Default,Default,16,3,256,15,Gradient,"1,241.4 μs",251.72 μs,13.80 μs,1.62,0.03,332.0313,332.0313,332.0313,1813000 B,"13,330.88"
ManagedWorkspaceEncode,ShortRun,False,Default,Default,Default,Default,Default,Default,1111111111111111,Empty,RyuJit,Default,X64,8c5e7fda-e8bf-4a96-9a85-a6e23a8c635c,.NET 10.0,False,True,False,True,Default,Default,False,False,False,Default,Default,Default,Default,Default,Default,Default,Default,3,Default,1,Default,Default,Default,Default,Default,Default,16,3,256,15,Gradient,"1,023.8 μs",326.70 μs,17.91 μs,1.34,0.03,35.1563,21.4844,0.0000,610329 B,"4,487.71"
NativeEncode,ShortRun,False,Default,Default,Default,Default,Default,Default,1111111111111111,Empty,RyuJit,Default,X64,8c5e7fda-e8bf-4a96-9a85-a6e23a8c635c,.NET 10.0,False,True,False,True,Default,Default,False,False,False,Default,Default,Default,Default,Default,Default,Default,Default,3,Default,1,Default,Default,Default,Default,Default,Default,16,3,256,15,Checkerboard,747.5 μs,166.13 μs,9.11 μs,1.00,0.01,0.0000,0.0000,0.0000,136 B,1.00
ManagedEncode,ShortRun,False,Default,Default,Default,Default,Default,Default,1111111111111111,Empty,RyuJit,Default,X64,8c5e7fda-e8bf-4a96-9a85-a6e23a8c635c,.NET 10.0,False,True,False,True,Default,Default,False,False,False,Default,Default,Default,Default,Default,Default,Default,Default,3,Default,1,Default,Default,Default,Default,Default,Default,16,3,256,15,Checkerboard,"1,212.1 μs",652.32 μs,35.76 μs,1.62,0.04,332.0313,332.0313,332.0313,1813000 B,"13,330.88"
ManagedWorkspaceEncode,ShortRun,False,Default,Default,Default,Default,Default,Default,1111111111111111,Empty,RyuJit,Default,X64,8c5e7fda-e8bf-4a96-9a85-a6e23a8c635c,.NET 10.0,False,True,False,True,Default,Default,False,False,False,Default,Default,Default,Default,Default,Default,Default,Default,3,Default,1,Default,Default,Default,Default,Default,Default,16,3,256,15,Checkerboard,"1,014.8 μs",162.44 μs,8.90 μs,1.36,0.02,35.1563,21.4844,0.0000,610329 B,"4,487.71"
NativeEncode,ShortRun,False,Default,Default,Default,Default,Default,Default,1111111111111111,Empty,RyuJit,Default,X64,8c5e7fda-e8bf-4a96-9a85-a6e23a8c635c,.NET 10.0,False,True,False,True,Default,Default,False,False,False,Default,Default,Default,Default,Default,Default,Default,Default,3,Default,1,Default,Default,Default,Default,Default,Default,16,3,512,0,Gradient,"6,525.1 μs","3,108.94 μs",170.41 μs,1.00,0.03,0.0000,0.0000,0.0000,60979 B,1.00
ManagedEncode,ShortRun,False,Default,Default,Default,Default,Default,Default,1111111111111111,Empty,RyuJit,Default,X64,8c5e7fda-e8bf-4a96-9a85-a6e23a8c635c,.NET 10.0,False,True,False,True,Default,Default,False,False,False,Default,Default,Default,Default,Default,Default,Default,Default,3,Default,1,Default,Default,Default,Default,Default,Default,16,3,512,0,Gradient,"9,744.7 μs","1,382.31 μs",75.77 μs,1.49,0.03,703.1250,671.8750,609.3750,10141822 B,166.32
ManagedWorkspaceEncode,ShortRun,False,Default,Default,Default,Default,Default,Default,1111111111111111,Empty,RyuJit,Default,X64,8c5e7fda-e8bf-4a96-9a85-a6e23a8c635c,.NET 10.0,False,True,False,True,Default,Default,False,False,False,Default,Default,Default,Default,Default,Default,Default,Default,3,Default,1,Default,Default,Default,Default,Default,Default,16,3,512,0,Gradient,"9,208.3 μs","3,690.16 μs",202.27 μs,1.41,0.04,578.1250,562.5000,500.0000,5732673 B,94.01
NativeEncode,ShortRun,False,Default,Default,Default,Default,Default,Default,1111111111111111,Empty,RyuJit,Default,X64,8c5e7fda-e8bf-4a96-9a85-a6e23a8c635c,.NET 10.0,False,True,False,True,Default,Default,False,False,False,Default,Default,Default,Default,Default,Default,Default,Default,3,Default,1,Default,Default,Default,Default,Default,Default,16,3,512,0,Checkerboard,"9,201.9 μs","5,653.05 μs",309.86 μs,1.00,0.04,31.2500,31.2500,31.2500,172440 B,1.00
ManagedEncode,ShortRun,False,Default,Default,Default,Default,Default,Default,1111111111111111,Empty,RyuJit,Default,X64,8c5e7fda-e8bf-4a96-9a85-a6e23a8c635c,.NET 10.0,False,True,False,True,Default,Default,False,False,False,Default,Default,Default,Default,Default,Default,Default,Default,3,Default,1,Default,Default,Default,Default,Default,Default,16,3,512,0,Checkerboard,"11,487.6 μs","6,525.70 μs",357.70 μs,1.25,0.05,609.3750,578.1250,515.6250,10541100 B,61.13
ManagedWorkspaceEncode,ShortRun,False,Default,Default,Default,Default,Default,Default,1111111111111111,Empty,RyuJit,Default,X64,8c5e7fda-e8bf-4a96-9a85-a6e23a8c635c,.NET 10.0,False,True,False,True,Default,Default,False,False,False,Default,Default,Default,Default,Default,Default,Default,Default,3,Default,1,Default,Default,Default,Default,Default,Default,16,3,512,0,Checkerboard,"11,078.6 μs","3,719.19 μs",203.86 μs,1.20,0.04,437.5000,421.8750,359.3750,6020485 B,34.91
NativeEncode,ShortRun,False,Default,Default,Default,Default,Default,Default,1111111111111111,Empty,RyuJit,Default,X64,8c5e7fda-e8bf-4a96-9a85-a6e23a8c635c,.NET 10.0,False,True,False,True,Default,Default,False,False,False,Default,Default,Default,Default,Default,Default,Default,Default,3,Default,1,Default,Default,Default,Default,Default,Default,16,3,512,8,Gradient,"3,763.4 μs","1,407.88 μs",77.17 μs,1.00,0.03,0.0000,0.0000,0.0000,1747 B,1.00
ManagedEncode,ShortRun,False,Default,Default,Default,Default,Default,Default,1111111111111111,Empty,RyuJit,Default,X64,8c5e7fda-e8bf-4a96-9a85-a6e23a8c635c,.NET 10.0,False,True,False,True,Default,Default,False,False,False,Default,Default,Default,Default,Default,Default,Default,Default,3,Default,1,Default,Default,Default,Default,Default,Default,16,3,512,8,Gradient,"4,940.9 μs",587.69 μs,32.21 μs,1.31,0.02,1054.6875,1023.4375,968.7500,6801848 B,"3,893.44"
ManagedWorkspaceEncode,ShortRun,False,Default,Default,Default,Default,Default,Default,1111111111111111,Empty,RyuJit,Default,X64,8c5e7fda-e8bf-4a96-9a85-a6e23a8c635c,.NET 10.0,False,True,False,True,Default,Default,False,False,False,Default,Default,Default,Default,Default,Default,Default,Default,3,Default,1,Default,Default,Default,Default,Default,Default,16,3,512,8,Gradient,"5,063.5 μs","10,338.50 μs",566.69 μs,1.35,0.13,242.1875,234.3750,164.0625,2451697 B,"1,403.38"
NativeEncode,ShortRun,False,Default,Default,Default,Default,Default,Default,1111111111111111,Empty,RyuJit,Default,X64,8c5e7fda-e8bf-4a96-9a85-a6e23a8c635c,.NET 10.0,False,True,False,True,Default,Default,False,False,False,Default,Default,Default,Default,Default,Default,Default,Default,3,Default,1,Default,Default,Default,Default,Default,Default,16,3,512,8,Checkerboard,"4,761.0 μs","3,605.16 μs",197.61 μs,1.00,0.05,0.0000,0.0000,0.0000,65627 B,1.00
ManagedEncode,ShortRun,False,Default,Default,Default,Default,Default,Default,1111111111111111,Empty,RyuJit,Default,X64,8c5e7fda-e8bf-4a96-9a85-a6e23a8c635c,.NET 10.0,False,True,False,True,Default,Default,False,False,False,Default,Default,Default,Default,Default,Default,Default,Default,3,Default,1,Default,Default,Default,Default,Default,Default,16,3,512,8,Checkerboard,"5,769.0 μs",306.26 μs,16.79 μs,1.21,0.04,1070.3125,1031.2500,968.7500,7027104 B,107.08
ManagedWorkspaceEncode,ShortRun,False,Default,Default,Default,Default,Default,Default,1111111111111111,Empty,RyuJit,Default,X64,8c5e7fda-e8bf-4a96-9a85-a6e23a8c635c,.NET 10.0,False,True,False,True,Default,Default,False,False,False,Default,Default,Default,Default,Default,Default,Default,Default,3,Default,1,Default,Default,Default,Default,Default,Default,16,3,512,8,Checkerboard,"5,552.3 μs",128.06 μs,7.02 μs,1.17,0.04,250.0000,226.5625,164.0625,2613072 B,39.82
NativeEncode,ShortRun,False,Default,Default,Default,Default,Default,Default,1111111111111111,Empty,RyuJit,Default,X64,8c5e7fda-e8bf-4a96-9a85-a6e23a8c635c,.NET 10.0,False,True,False,True,Default,Default,False,False,False,Default,Default,Default,Default,Default,Default,Default,Default,3,Default,1,Default,Default,Default,Default,Default,Default,16,3,512,15,Gradient,"3,638.0 μs",976.83 μs,53.54 μs,1.00,0.02,0.0000,0.0000,0.0000,344 B,1.00
ManagedEncode,ShortRun,False,Default,Default,Default,Default,Default,Default,1111111111111111,Empty,RyuJit,Default,X64,8c5e7fda-e8bf-4a96-9a85-a6e23a8c635c,.NET 10.0,False,True,False,True,Default,Default,False,False,False,Default,Default,Default,Default,Default,Default,Default,Default,3,Default,1,Default,Default,Default,Default,Default,Default,16,3,512,15,Gradient,"4,363.9 μs",233.85 μs,12.82 μs,1.20,0.02,1054.6875,1039.0625,968.7500,6796592 B,"19,757.53"
ManagedWorkspaceEncode,ShortRun,False,Default,Default,Default,Default,Default,Default,1111111111111111,Empty,RyuJit,Default,X64,8c5e7fda-e8bf-4a96-9a85-a6e23a8c635c,.NET 10.0,False,True,False,True,Default,Default,False,False,False,Default,Default,Default,Default,Default,Default,Default,Default,3,Default,1,Default,Default,Default,Default,Default,Default,16,3,512,15,Gradient,"4,155.7 μs",218.22 μs,11.96 μs,1.14,0.01,242.1875,234.3750,164.0625,2447889 B,"7,115.96"
NativeEncode,ShortRun,False,Default,Default,Default,Default,Default,Default,1111111111111111,Empty,RyuJit,Default,X64,8c5e7fda-e8bf-4a96-9a85-a6e23a8c635c,.NET 10.0,False,True,False,True,Default,Default,False,False,False,Default,Default,Default,Default,Default,Default,Default,Default,3,Default,1,Default,Default,Default,Default,Default,Default,16,3,512,15,Checkerboard,"3,706.9 μs","4,017.95 μs",220.24 μs,1.00,0.07,0.0000,0.0000,0.0000,347 B,1.00
ManagedEncode,ShortRun,False,Default,Default,Default,Default,Default,Default,1111111111111111,Empty,RyuJit,Default,X64,8c5e7fda-e8bf-4a96-9a85-a6e23a8c635c,.NET 10.0,False,True,False,True,Default,Default,False,False,False,Default,Default,Default,Default,Default,Default,Default,Default,3,Default,1,Default,Default,Default,Default,Default,Default,16,3,512,15,Checkerboard,"4,310.4 μs",211.56 μs,11.60 μs,1.17,0.06,1054.6875,1039.0625,968.7500,6796592 B,"19,586.72"
ManagedWorkspaceEncode,ShortRun,False,Default,Default,Default,Default,Default,Default,1111111111111111,Empty,RyuJit,Default,X64,8c5e7fda-e8bf-4a96-9a85-a6e23a8c635c,.NET 10.0,False,True,False,True,Default,Default,False,False,False,Default,Default,Default,Default,Default,Default,Default,Default,3,Default,1,Default,Default,Default,Default,Default,Default,16,3,512,15,Checkerboard,"4,374.4 μs","5,212.51 μs",285.72 μs,1.18,0.09,242.1875,234.3750,164.0625,2447886 B,"7,054.43"
