Method,Job,AnalyzeLaunchVariance,EvaluateOverhead,MaxAbsoluteError,MaxRelativeError,MinInvokeCount,MinIterationTime,OutlierMode,Affinity,EnvironmentVariables,Jit,LargeAddressAware,Platform,PowerPlanMode,Runtime,AllowVeryLargeObjects,Concurrent,CpuGroups,Force,HeapAffinitizeMask,HeapCount,NoAffinitize,RetainVm,Server,Arguments,BuildConfiguration,Clock,EngineFactory,NuGetReferences,Toolchain,IsMutator,InvocationCount,IterationCount,IterationTime,LaunchCount,MaxIterationCount,MaxWarmupIterationCount,MemoryRandomization,MinIterationCount,MinWarmupIterationCount,RunStrategy,UnrollFactor,WarmupCount,Size,Quality,Fixture,Mean,Error,Ratio,Gen0,Gen1,Gen2,Allocated,Alloc Ratio
NativeProgressiveDecodeAllLevels,Dry,False,Default,Default,Default,Default,Default,Default,1111111111111111,Empty,RyuJit,Default,X64,8c5e7fda-e8bf-4a96-9a85-a6e23a8c635c,.NET 10.0,False,True,False,True,Default,Default,False,False,False,Default,Default,Default,Default,Default,Default,Default,Default,1,Default,1,Default,Default,Default,Default,Default,ColdStart,1,1,256,0,Gradient,3.010 ms,NA,1.00,0.0000,0.0000,0.0000,0 B,NA
ManagedProgressiveDecodeAllLevels,Dry,False,Default,Default,Default,Default,Default,Default,1111111111111111,Empty,RyuJit,Default,X64,8c5e7fda-e8bf-4a96-9a85-a6e23a8c635c,.NET 10.0,False,True,False,True,Default,Default,False,False,False,Default,Default,Default,Default,Default,Default,Default,Default,1,Default,1,Default,Default,Default,Default,Default,ColdStart,1,1,256,0,Gradient,26.895 ms,NA,8.94,0.0000,0.0000,0.0000,2581328 B,NA
NativeProgressiveDecodeAllLevels,Dry,False,Default,Default,Default,Default,Default,Default,1111111111111111,Empty,RyuJit,Default,X64,8c5e7fda-e8bf-4a96-9a85-a6e23a8c635c,.NET 10.0,False,True,False,True,Default,Default,False,False,False,Default,Default,Default,Default,Default,Default,Default,Default,1,Default,1,Default,Default,Default,Default,Default,ColdStart,1,1,256,0,Checkerboard,3.619 ms,NA,1.00,0.0000,0.0000,0.0000,0 B,NA
ManagedProgressiveDecodeAllLevels,Dry,False,Default,Default,Default,Default,Default,Default,1111111111111111,Empty,RyuJit,Default,X64,8c5e7fda-e8bf-4a96-9a85-a6e23a8c635c,.NET 10.0,False,True,False,True,Default,Default,False,False,False,Default,Default,Default,Default,Default,Default,Default,Default,1,Default,1,Default,Default,Default,Default,Default,ColdStart,1,1,256,0,Checkerboard,27.914 ms,NA,7.71,0.0000,0.0000,0.0000,2581328 B,NA
NativeProgressiveDecodeAllLevels,Dry,False,Default,Default,Default,Default,Default,Default,1111111111111111,Empty,RyuJit,Default,X64,8c5e7fda-e8bf-4a96-9a85-a6e23a8c635c,.NET 10.0,False,True,False,True,Default,Default,False,False,False,Default,Default,Default,Default,Default,Default,Default,Default,1,Default,1,Default,Default,Default,Default,Default,ColdStart,1,1,256,8,Gradient,2.113 ms,NA,1.00,0.0000,0.0000,0.0000,0 B,NA
ManagedProgressiveDecodeAllLevels,Dry,False,Default,Default,Default,Default,Default,Default,1111111111111111,Empty,RyuJit,Default,X64,8c5e7fda-e8bf-4a96-9a85-a6e23a8c635c,.NET 10.0,False,True,False,True,Default,Default,False,False,False,Default,Default,Default,Default,Default,Default,Default,Default,1,Default,1,Default,Default,Default,Default,Default,ColdStart,1,1,256,8,Gradient,21.651 ms,NA,10.25,0.0000,0.0000,0.0000,1217360 B,NA
NativeProgressiveDecodeAllLevels,Dry,False,Default,Default,Default,Default,Default,Default,1111111111111111,Empty,RyuJit,Default,X64,8c5e7fda-e8bf-4a96-9a85-a6e23a8c635c,.NET 10.0,False,True,False,True,Default,Default,False,False,False,Default,Default,Default,Default,Default,Default,Default,Default,1,Default,1,Default,Default,Default,Default,Default,ColdStart,1,1,256,8,Checkerboard,2.224 ms,NA,1.00,0.0000,0.0000,0.0000,0 B,NA
ManagedProgressiveDecodeAllLevels,Dry,False,Default,Default,Default,Default,Default,Default,1111111111111111,Empty,RyuJit,Default,X64,8c5e7fda-e8bf-4a96-9a85-a6e23a8c635c,.NET 10.0,False,True,False,True,Default,Default,False,False,False,Default,Default,Default,Default,Default,Default,Default,Default,1,Default,1,Default,Default,Default,Default,Default,ColdStart,1,1,256,8,Checkerboard,22.787 ms,NA,10.25,0.0000,0.0000,0.0000,1217072 B,NA
NativeProgressiveDecodeAllLevels,Dry,False,Default,Default,Default,Default,Default,Default,1111111111111111,Empty,RyuJit,Default,X64,8c5e7fda-e8bf-4a96-9a85-a6e23a8c635c,.NET 10.0,False,True,False,True,Default,Default,False,False,False,Default,Default,Default,Default,Default,Default,Default,Default,1,Default,1,Default,Default,Default,Default,Default,ColdStart,1,1,512,0,Gradient,9.776 ms,NA,1.00,0.0000,0.0000,0.0000,0 B,NA
ManagedProgressiveDecodeAllLevels,Dry,False,Default,Default,Default,Default,Default,Default,1111111111111111,Empty,RyuJit,Default,X64,8c5e7fda-e8bf-4a96-9a85-a6e23a8c635c,.NET 10.0,False,True,False,True,Default,Default,False,False,False,Default,Default,Default,Default,Default,Default,Default,Default,1,Default,1,Default,Default,Default,Default,Default,ColdStart,1,1,512,0,Gradient,37.556 ms,NA,3.84,1000.0000,1000.0000,1000.0000,9923640 B,NA
NativeProgressiveDecodeAllLevels,Dry,False,Default,Default,Default,Default,Default,Default,1111111111111111,Empty,RyuJit,Default,X64,8c5e7fda-e8bf-4a96-9a85-a6e23a8c635c,.NET 10.0,False,True,False,True,Default,Default,False,False,False,Default,Default,Default,Default,Default,Default,Default,Default,1,Default,1,Default,Default,Default,Default,Default,ColdStart,1,1,512,0,Checkerboard,9.613 ms,NA,1.00,0.0000,0.0000,0.0000,0 B,NA
ManagedProgressiveDecodeAllLevels,Dry,False,Default,Default,Default,Default,Default,Default,1111111111111111,Empty,RyuJit,Default,X64,8c5e7fda-e8bf-4a96-9a85-a6e23a8c635c,.NET 10.0,False,True,False,True,Default,Default,False,False,False,Default,Default,Default,Default,Default,Default,Default,Default,1,Default,1,Default,Default,Default,Default,Default,ColdStart,1,1,512,0,Checkerboard,40.957 ms,NA,4.26,1000.0000,1000.0000,1000.0000,9923928 B,NA
NativeProgressiveDecodeAllLevels,Dry,False,Default,Default,Default,Default,Default,Default,1111111111111111,Empty,RyuJit,Default,X64,8c5e7fda-e8bf-4a96-9a85-a6e23a8c635c,.NET 10.0,False,True,False,True,Default,Default,False,False,False,Default,Default,Default,Default,Default,Default,Default,Default,1,Default,1,Default,Default,Default,Default,Default,ColdStart,1,1,512,8,Gradient,4.695 ms,NA,1.00,0.0000,0.0000,0.0000,0 B,NA
ManagedProgressiveDecodeAllLevels,Dry,False,Default,Default,Default,Default,Default,Default,1111111111111111,Empty,RyuJit,Default,X64,8c5e7fda-e8bf-4a96-9a85-a6e23a8c635c,.NET 10.0,False,True,False,True,Default,Default,False,False,False,Default,Default,Default,Default,Default,Default,Default,Default,1,Default,1,Default,Default,Default,Default,Default,ColdStart,1,1,512,8,Gradient,27.640 ms,NA,5.89,0.0000,0.0000,0.0000,4430256 B,NA
NativeProgressiveDecodeAllLevels,Dry,False,Default,Default,Default,Default,Default,Default,1111111111111111,Empty,RyuJit,Default,X64,8c5e7fda-e8bf-4a96-9a85-a6e23a8c635c,.NET 10.0,False,True,False,True,Default,Default,False,False,False,Default,Default,Default,Default,Default,Default,Default,Default,1,Default,1,Default,Default,Default,Default,Default,ColdStart,1,1,512,8,Checkerboard,5.782 ms,NA,1.00,0.0000,0.0000,0.0000,0 B,NA
ManagedProgressiveDecodeAllLevels,Dry,False,Default,Default,Default,Default,Default,Default,1111111111111111,Empty,RyuJit,Default,X64,8c5e7fda-e8bf-4a96-9a85-a6e23a8c635c,.NET 10.0,False,True,False,True,Default,Default,False,False,False,Default,Default,Default,Default,Default,Default,Default,Default,1,Default,1,Default,Default,Default,Default,Default,ColdStart,1,1,512,8,Checkerboard,30.556 ms,NA,5.28,0.0000,0.0000,0.0000,4430544 B,NA
